pozycja,grupa,ilość na stację,ilość na OSP,ilość na przekaźnik,ilość na sieć,cena jednostkowa zł,źródło ceny,data
stacja WICI z deklaracją zgodności UE,jednorazowo,1,2 (stacja i zapasowa),1,,,,
komplet kryzysowy 4 × L91 (zamknięty),jednorazowo,1,1,1,,35–50,"szacunek recenzenta, do potwierdzenia ofertami",2026-10
komplet ćwiczebny 4 × L91,jednorazowo,1,1,1,,35–50,"szacunek recenzenta, do potwierdzenia ofertami",2026-10
antena kolinearna 868 MHz z uchwytem,jednorazowo,1,1,1,,150–400,"szacunek recenzenta, do potwierdzenia ofertami",2026-10
przewód LMR-240 2 m ze złączami N,jednorazowo,1,1,1,,80–150,"szacunek recenzenta, do potwierdzenia ofertami",2026-10
odgromnik,jednorazowo,1,1,1,,100–250,"szacunek recenzenta, do potwierdzenia ofertami",2026-10
przepust przewodu,jednorazowo,1,1,1,,,,
montaż anteny na wysokości z uziemieniem odgromnika,jednorazowo,1,1,1,,300–1000,"szacunek recenzenta, do potwierdzenia ofertami",2026-10
zamykana skrzynka na stację,jednorazowo,1,,1,,,,
karta obsługi i instrukcja,jednorazowo,1,1,,,,,
formularze papierowe (zapas),jednorazowo,1,1,,,,,
odbiornik FM/DW bateryjny lub z korbką,jednorazowo,1,1,,,,,
para radiotelefonów PMR446,jednorazowo,1,1,,,,,
dziennik papierowy,jednorazowo,1,1,,,,,
stały laptop stanowiska z pakietem START i szyfrowaniem dysku,na sieć,,1,,,,,
zasilanie laptopa OSP ≥72 h (agregat lub stacja zasilania z deklaracją UE),na sieć,,1,,,,,
"zasilacz buforowy 13,8 V z akumulatorem (wariant przekaźnika stałego, D06)",na sieć,,,1,,,,
zapas stacji WICI,na sieć,,,,≥10% liczby stacji i nie mniej niż 2,,,
szkolenie opiekuna i zastępców (3 h),organizacyjnie,3 osoby,,,,,,
kurs pierwszej pomocy (ok. 8 h),organizacyjnie,3 osoby,,,,,,
szkolenie dyżurnego OSP (4 h) i ćwiczenie T8,organizacyjnie,,≥4 osoby,,,,,
szkolenie osoby utrzymującej system (8 h),organizacyjnie,,,,1 osoba,,,
ocena skutków dla ochrony danych,organizacyjnie,,,,1,,,
wpis sieci do gminnego planu zarządzania kryzysowego,organizacyjnie,,,,1,,,
komplet ćwiczebny 4 × L91 (wymiana po spadku napięcia),co roku,wg potrzeby,wg potrzeby,wg potrzeby,,35–50,"szacunek recenzenta, do potwierdzenia ofertami",2026-10
przegląd techniczny z pomiarem i korektą TCXO,co roku,1,1,1,,,,
odświeżenie szkolenia (2 h),co roku,3 osoby,≥4 osoby,,,,,
ćwiczenie całej sieci z OSP i gońcem,co roku,,,,1,,,
serwis i aktualizacje oprogramowania,co roku,,,,1,,,
